City_ID,City,Country,Date,Lat,Lng,Max Temp,Humidity,Cloudiness,Wind Speed
0,Ouesso,CG,2022-06-27 22:28:26,1.6136,16.0517,70.11,97,97,1.88
1,Rio Maior,PT,2022-06-27 22:28:27,39.3373,-8.9391,61.45,80,0,5.01
2,Yellowknife,CA,2022-06-27 22:20:09,62.456,-114.3525,66.56,39,20,14.97
3,Nishihara,JP,2022-06-27 22:28:27,26.1842,127.7558,82.06,83,40,10.36
4,Hobart,AU,2022-06-27 22:25:55,-42.8794,147.3294,54.23,74,75,8.05
5,Vaini,TO,2022-06-27 22:24:44,-21.2,-175.2,77.16,73,20,5.75
6,Punta Arenas,CL,2022-06-27 22:19:58,-53.15,-70.9167,37.51,70,40,11.5
7,Hilo,US,2022-06-27 22:20:00,19.7297,-155.09,81.28,70,100,6.91
8,Bambous Virieux,MU,2022-06-27 22:28:29,-20.3428,57.7575,70.05,78,75,11.5
9,Pevek,RU,2022-06-27 22:19:47,69.7008,170.3133,37.67,73,16,8.16
10,Zhigansk,RU,2022-06-27 22:28:30,66.7697,123.3711,44.42,56,100,17.43
11,Zhezkazgan,KZ,2022-06-27 22:28:30,47.8043,67.7144,64.22,42,0,10.36
12,Salalah,OM,2022-06-27 22:28:31,17.0151,54.0924,82.49,94,100,2.3
13,Dhidhdhoo,MV,2022-06-27 22:28:31,6.8833,73.1,82.67,76,33,15.08
14,Alekseyevsk,RU,2022-06-27 22:28:31,57.8406,108.3492,62.69,96,41,3.62
15,Port Elizabeth,ZA,2022-06-27 22:21:23,-33.918,25.5701,48.49,93,1,3.44
16,Cape Town,ZA,2022-06-27 22:20:55,-33.9258,18.4232,59.38,64,0,8.05
17,Ilulissat,GL,2022-06-27 22:28:23,69.2167,-51.1,44.62,81,75,4.61
18,Kristinehamn,SE,2022-06-27 22:28:33,59.3098,14.1081,77.56,61,64,7.14
19,Valparaiso,CL,2022-06-27 22:28:33,-33.0393,-71.6273,55.47,92,100,9.22
20,Goma,CD,2022-06-27 22:28:34,-1.6792,29.2228,60.67,78,31,3.27
21,Mataura,NZ,2022-06-27 22:22:39,-46.1927,168.8643,32.49,94,24,1.9
22,Ushuaia,AR,2022-06-27 22:21:16,-54.8,-68.3,42.46,56,75,12.66
23,Malgobek,RU,2022-06-27 22:28:35,43.5092,44.5931,69.71,93,99,3.51
24,Hermanus,ZA,2022-06-27 22:19:56,-34.4187,19.2345,53.8,55,2,7.96
25,Kokopo,PG,2022-06-27 22:28:36,-4.352,152.2633,79.45,72,95,3.24
26,Georgetown,MY,2022-06-27 22:19:45,5.4112,100.3354,81.95,86,20,6.91
27,Busselton,AU,2022-06-27 22:19:57,-33.65,115.3333,52.25,77,88,6.55
28,Araouane,ML,2022-06-27 22:28:37,18.9048,-3.5265,101.16,16,4,2.73
29,Batagay-Alyta,RU,2022-06-27 22:28:37,67.8006,130.4114,38.16,89,100,4.41
30,Hay River,CA,2022-06-27 22:28:37,60.8156,-115.7999,64.38,45,40,9.22
31,Aklavik,CA,2022-06-27 22:24:43,68.2191,-135.0107,73.4,56,75,4.61
32,Avera,US,2022-06-27 22:22:37,33.194,-82.5271,89.11,51,100,12.21
33,Hasaki,JP,2022-06-27 22:27:20,35.7333,140.8333,81.28,87,66,7.36
34,Morondava,MG,2022-06-27 22:28:39,-20.2833,44.2833,71.6,57,0,18.23
35,Bluff,NZ,2022-06-27 22:19:51,-46.6,168.3333,32.81,73,9,5.55
36,Yulara,AU,2022-06-27 22:28:39,-25.2406,130.9889,47.16,56,82,8.63
37,Leningradskiy,RU,2022-06-27 22:28:40,69.3833,178.4167,44.01,65,16,6.4
38,Cidreira,BR,2022-06-27 22:20:01,-30.1811,-50.2056,60.49,88,100,6.78
39,Castro,BR,2022-06-27 22:22:45,-24.7911,-50.0119,53.06,92,78,4.07
40,Grindavik,IS,2022-06-27 22:27:19,63.8424,-22.4338,53.55,81,0,10.36
41,Saskylakh,RU,2022-06-27 22:19:48,71.9167,114.0833,41.05,65,34,10.13
42,Saint George,US,2022-06-27 22:19:39,37.1041,-113.5841,105.26,14,0,6.91
43,El Centro,US,2022-06-27 22:28:41,32.792,-115.563,109.22,29,0,9.22
44,Radovis,MK,2022-06-27 22:28:43,41.6383,22.4647,68.49,66,0,2.91
45,Tasiilaq,GL,2022-06-27 22:22:46,65.6145,-37.6368,44.76,69,100,7.16
46,Souillac,MU,2022-06-27 22:28:44,-20.5167,57.5167,70.18,78,75,11.5
47,Atuona,PF,2022-06-27 22:20:01,-9.8,-139.0333,77.77,74,10,19.24
48,Yuzhne,UA,2022-06-27 22:28:44,46.6221,31.1013,71.76,71,99,10.56
49,Rikitea,PF,2022-06-27 22:19:56,-23.1203,-134.9692,73.65,71,6,7.94
50,Bedesa,ET,2022-06-27 22:28:45,8.9,40.7833,62.37,76,100,8.61
51,Coquimbo,CL,2022-06-27 22:28:45,-29.9533,-71.3436,58.73,77,40,4.61
52,Bredasdorp,ZA,2022-06-27 22:22:48,-34.5322,20.0403,54.73,58,3,4.21
53,Iqaluit,CA,2022-06-27 22:25:54,63.7506,-68.5145,58.73,38,75,19.57
54,Bay Roberts,CA,2022-06-27 22:26:04,47.5999,-53.2648,73.15,94,99,11.32
55,Puerto Ayora,EC,2022-06-27 22:21:20,-0.7393,-90.3518,75.16,95,47,8.99
56,Avarua,CK,2022-06-27 22:20:05,-21.2078,-159.775,80.65,78,75,21.85
57,Port Alfred,ZA,2022-06-27 22:19:54,-33.5906,26.891,59.58,64,0,10.04
58,Oksfjord,NO,2022-06-27 22:28:47,70.2396,22.3479,69.87,80,44,10.89
59,Hithadhoo,MV,2022-06-27 22:20:02,-0.6,73.0833,82.83,73,100,9.31
60,Nouadhibou,MR,2022-06-27 22:22:49,20.931,-17.0347,71.58,68,0,20.71
61,Victoria,HK,2022-06-27 22:22:42,22.2855,114.1577,85.32,81,48,3.0
62,Chokurdakh,RU,2022-06-27 22:22:51,70.6333,147.9167,52.0,37,100,5.19
63,Rabat,MA,2022-06-27 22:28:48,33.9911,-6.8401,64.15,83,0,0.0
64,Jamestown,US,2022-06-27 22:23:19,42.097,-79.2353,68.02,48,75,16.11
65,Tuatapere,NZ,2022-06-27 22:24:44,-46.1333,167.6833,38.93,83,3,2.91
66,Ancud,CL,2022-06-27 22:21:33,-41.8697,-73.8203,47.23,90,100,18.01
67,Lompoc,US,2022-06-27 22:28:49,34.6391,-120.4579,96.01,66,0,13.8
68,Anaconda,US,2022-06-27 22:28:50,46.1285,-112.9423,86.99,18,57,8.93
69,Surt,LY,2022-06-27 22:28:50,31.2089,16.5887,81.1,61,0,12.84
70,Kapaa,US,2022-06-27 22:20:06,22.0752,-159.319,82.72,75,0,16.11
71,Agustin Codazzi,CO,2022-06-27 22:28:51,10.0341,-73.2361,87.78,95,82,4.99
72,Tretten,NO,2022-06-27 22:28:51,61.3142,10.3007,63.82,99,100,5.28
73,Teya,RU,2022-06-27 22:28:52,60.3778,92.6267,59.5,93,100,3.76
74,Mahebourg,MU,2022-06-27 22:28:52,-20.4081,57.7,70.09,78,75,11.5
75,Khatanga,RU,2022-06-27 22:20:10,71.9667,102.5,48.25,47,5,4.99
76,Bandipur,NP,2022-06-27 22:28:53,27.9333,84.4167,67.57,94,100,3.04
77,Eugene,US,2022-06-27 22:26:57,44.0521,-123.0867,94.73,30,0,20.71
78,Gwanda,ZW,2022-06-27 22:28:53,-20.9333,29.0,53.38,83,100,13.27
79,Maun,BW,2022-06-27 22:28:54,-19.9833,23.4167,60.76,59,0,10.36
80,Komsomolskiy,UZ,2022-06-27 22:28:54,40.4272,71.7189,81.32,32,0,6.91
81,Mehamn,NO,2022-06-27 22:28:55,71.0357,27.8492,58.95,58,10,13.8
82,Nanortalik,GL,2022-06-27 22:27:25,60.1432,-45.2371,43.65,78,60,3.94
83,Dikson,RU,2022-06-27 22:25:48,73.5069,80.5464,30.65,90,98,21.12
84,East London,ZA,2022-06-27 22:16:27,-33.0153,27.9116,58.39,54,0,7.78
85,Tiksi,RU,2022-06-27 22:19:50,71.6872,128.8694,33.26,82,99,7.07
86,Loreto,MX,2022-06-27 22:28:56,22.2667,-101.9667,81.12,23,13,16.82
87,Carnarvon,AU,2022-06-27 22:22:45,-24.8667,113.6333,63.93,47,0,14.92
88,Vao,NC,2022-06-27 22:24:38,-22.6667,167.4833,73.56,73,98,7.4
89,Flin Flon,CA,2022-06-27 22:28:58,54.7682,-101.865,62.44,45,75,16.11
90,Qaqortoq,GL,2022-06-27 22:28:58,60.7167,-46.0333,45.3,70,12,3.78
91,New Norfolk,AU,2022-06-27 22:21:31,-42.7826,147.0587,53.89,82,100,4.0
92,Faanui,PF,2022-06-27 22:24:40,-16.4833,-151.75,79.74,74,8,20.29
93,Butaritari,KI,2022-06-27 22:19:51,3.0707,172.7902,81.36,80,97,12.86
94,Huarmey,PE,2022-06-27 22:28:59,-10.0681,-78.1522,66.33,78,94,11.95
95,Hobyo,SO,2022-06-27 22:23:22,5.3505,48.5268,77.63,75,61,26.4
96,San Cristobal,VE,2022-06-27 22:29:00,7.7669,-72.225,73.58,66,37,3.98
97,Albany,US,2022-06-27 22:21:21,42.6001,-73.9662,76.46,50,51,1.01
98,Marzuq,YE,2022-06-27 22:29:00,14.4,46.4667,80.47,57,100,7.18
99,Arraial Do Cabo,BR,2022-06-27 22:21:34,-22.9661,-42.0278,62.46,72,0,3.44
100,Bonthe,SL,2022-06-27 22:29:01,7.5264,-12.505,78.4,86,97,6.51
101,Marsaxlokk,MT,2022-06-27 22:29:02,35.8419,14.5431,86.07,42,0,10.36
102,Diphu,IN,2022-06-27 22:29:02,25.8333,93.4333,74.73,99,100,1.36
103,Pokrovsk,UA,2022-06-27 22:29:03,48.282,37.1758,64.54,67,92,9.86
104,Butajira,ET,2022-06-27 22:29:04,8.1167,38.3667,58.15,84,100,3.02
105,Gushikawa,JP,2022-06-27 22:29:05,26.3544,127.8686,81.99,89,75,10.36
106,Tukrah,LY,2022-06-27 22:29:05,32.5341,20.5791,78.85,70,0,6.42
107,Lieksa,FI,2022-06-27 22:29:06,63.3167,30.0167,55.87,61,7,10.74
108,Chortomlyk,UA,2022-06-27 22:29:07,47.6232,34.142,73.24,67,76,10.56
109,Pisco,PE,2022-06-27 22:24:30,-13.7,-76.2167,68.05,68,33,18.41
110,Lakes Entrance,AU,2022-06-27 22:29:07,-37.8811,147.981,39.16,84,98,6.11
111,Narsaq,GL,2022-06-27 22:21:25,60.9167,-46.05,55.62,65,7,1.1
112,Barrow,US,2022-06-27 22:19:55,71.2906,-156.7887,62.62,59,75,10.36
113,Laguna,US,2022-06-27 22:21:17,38.421,-121.4238,104.76,20,0,10.36
114,Saint-Philippe,RE,2022-06-27 22:21:30,-21.3585,55.7679,65.79,72,89,14.99
115,Mbandaka,CD,2022-06-27 22:29:09,0.0487,18.2603,70.25,95,99,3.11
116,Ailigandi,PA,2022-06-27 22:29:09,9.2333,-78.0167,80.38,82,100,1.99
117,Kodiak,US,2022-06-27 22:19:52,57.79,-152.4072,63.91,55,20,5.75
118,Kisangani,CD,2022-06-27 22:29:10,0.5167,25.2,72.48,85,65,0.96
119,Ribeira Grande,PT,2022-06-27 22:21:29,38.5167,-28.7,66.6,77,75,5.75
120,Mugur-Aksy,RU,2022-06-27 22:29:11,50.35,90.5,58.01,67,98,5.82
121,Altay,CN,2022-06-27 22:29:12,47.8667,88.1167,69.1,44,72,5.06
122,Porbandar,IN,2022-06-27 22:29:12,21.6422,69.6093,82.67,78,100,15.59
123,Airai,TL,2022-06-27 22:21:31,-8.9266,125.4092,56.64,88,100,4.32
124,Kati,ML,2022-06-27 22:29:13,12.7441,-8.0726,83.61,33,65,2.01
125,Shepsi,RU,2022-06-27 22:29:13,44.0361,39.1489,68.32,88,99,4.76
126,Chuy,UY,2022-06-27 22:22:53,-33.6971,-53.4616,51.75,93,100,3.65
127,Severo-Kurilsk,RU,2022-06-27 22:22:51,50.6789,156.125,46.89,97,100,11.45
128,Provideniya,RU,2022-06-27 22:22:50,64.3833,-173.3,42.91,100,100,13.42
129,Turukhansk,RU,2022-06-27 22:29:15,65.8167,87.9833,53.6,80,80,16.11
130,Cherskiy,RU,2022-06-27 22:23:12,68.75,161.3,53.55,32,100,11.05
131,Chekmagush,RU,2022-06-27 22:29:15,55.1319,54.6556,47.82,93,94,15.19
132,Bentiu,SS,2022-06-27 22:29:16,9.2333,29.8333,76.12,76,97,4.5
133,Hofn,IS,2022-06-27 22:29:17,64.2539,-15.2082,49.93,83,100,11.03
134,Inhambane,MZ,2022-06-27 22:29:17,-23.865,35.3833,66.92,69,83,13.73
135,Matara,LK,2022-06-27 22:27:22,5.9485,80.5353,78.08,86,81,11.68
136,Baruun-Urt,MN,2022-06-27 22:29:18,46.6806,113.2792,63.7,68,100,3.02
137,Nikolskoye,RU,2022-06-27 22:22:39,59.7035,30.7861,67.91,66,44,4.27
138,Pacific Grove,US,2022-06-27 22:29:19,36.6177,-121.9166,86.23,87,0,10.36
139,Arinos,BR,2022-06-27 22:29:20,-15.9169,-46.1056,70.07,45,3,3.24
140,Sorland,NO,2022-06-27 22:29:20,67.667,12.6934,51.66,93,95,14.34
141,Qaanaaq,GL,2022-06-27 22:15:21,77.484,-69.3632,47.35,57,15,1.92
142,Vestmannaeyjar,IS,2022-06-27 22:21:21,63.4427,-20.2734,51.17,82,73,2.82
143,Khuzdar,PK,2022-06-27 22:29:21,27.7384,66.6434,83.25,20,4,3.0
144,Tuktoyaktuk,CA,2022-06-27 22:19:54,69.4541,-133.0374,69.8,64,100,4.61
145,Kaitangata,NZ,2022-06-27 22:27:26,-46.2817,169.8464,40.93,83,23,1.72
146,Lodwar,KE,2022-06-27 22:29:22,3.1191,35.5973,81.3,41,14,20.33
147,Los Llanos De Aridane,ES,2022-06-27 22:29:23,28.6585,-17.9182,67.75,86,100,18.41
148,Dwarka,IN,2022-06-27 22:29:23,22.2394,68.9678,83.52,78,100,19.08
149,Huilong,CN,2022-06-27 22:29:24,31.8111,121.655,82.92,82,100,16.75
150,Salinopolis,BR,2022-06-27 22:29:24,-0.6136,-47.3561,79.63,81,36,10.27
151,Georgiyevka,KZ,2022-06-27 22:29:25,43.0369,74.7114,71.64,56,0,4.47
152,Ponta Do Sol,PT,2022-06-27 22:22:46,32.6667,-17.1,67.01,64,37,7.23
153,Bloomfield,US,2022-06-27 22:27:35,40.8068,-74.1854,76.66,78,20,4.61
154,Omboue,GA,2022-06-27 22:29:26,-1.5746,9.2618,71.83,89,100,5.7
155,Mar Del Plata,AR,2022-06-27 22:19:10,-38.0023,-57.5575,53.1,74,0,9.22
156,Baykit,RU,2022-06-27 22:29:26,61.67,96.37,55.58,95,69,3.06
157,Meulaboh,ID,2022-06-27 22:29:27,4.1363,96.1285,75.07,92,100,4.83
158,Topolobampo,MX,2022-06-27 22:29:27,25.6,-109.05,91.31,49,20,19.57
159,Port Macquarie,AU,2022-06-27 22:28:56,-31.4333,152.9167,51.89,73,99,12.8
160,Codrington,AU,2022-06-27 22:29:28,-38.2667,141.9667,41.52,88,100,9.1
161,Beloha,MG,2022-06-27 22:29:29,-25.1667,45.05,59.29,68,0,10.85
162,Nemuro,JP,2022-06-27 22:21:30,43.3236,145.575,54.23,98,99,3.65
163,Moshny,UA,2022-06-27 22:29:29,49.5147,31.7476,64.08,77,16,5.73
164,Caibarien,CU,2022-06-27 22:29:30,22.5206,-79.4669,81.72,69,99,9.64
165,Thompson,CA,2022-06-27 22:20:04,55.7435,-97.8558,51.96,87,75,6.91
166,Beitbridge,ZW,2022-06-27 22:29:30,-22.2167,30.0,56.48,78,13,18.03
167,Manitouwadge,CA,2022-06-27 22:29:31,49.1215,-85.8403,64.92,40,21,12.57
168,Portland,US,2022-06-27 22:29:32,45.5234,-122.6762,95.77,30,0,7.0
169,Kerchevskiy,RU,2022-06-27 22:29:32,59.946,56.2884,40.37,75,100,9.62
170,Udachnyy,RU,2022-06-27 22:29:33,66.4167,112.4,43.45,70,97,13.02
171,Geraldton,AU,2022-06-27 22:25:48,-28.7667,114.6,54.01,100,100,8.05
172,Tari,NG,2022-06-27 22:29:33,12.4086,4.4914,84.06,51,100,16.44
173,Poum,NC,2022-06-27 22:29:34,-20.2333,164.0167,75.16,76,99,10.18
174,Batemans Bay,AU,2022-06-27 22:27:47,-35.7167,150.1833,46.09,72,25,5.68
175,Bengkulu,ID,2022-06-27 22:27:26,-3.8004,102.2655,75.06,88,99,4.07
176,Muzhi,RU,2022-06-27 22:29:35,65.3667,64.6667,44.98,91,100,17.34
177,Clinton,US,2022-06-27 22:28:49,42.587,-82.9199,75.94,46,75,9.22
178,Naze,JP,2022-06-27 22:29:35,28.3667,129.4833,81.52,89,99,12.88
179,La Llanada,CO,2022-06-27 22:29:36,1.49,-77.5835,56.17,93,60,4.56
180,Takoradi,GH,2022-06-27 22:29:36,4.8845,-1.7554,76.66,88,70,5.73
181,Banda Aceh,ID,2022-06-27 22:25:03,5.5577,95.3222,78.48,84,100,11.54
182,Amuntai,ID,2022-06-27 22:29:37,-2.4177,115.2494,72.23,99,76,0.69
183,Saurimo,AO,2022-06-27 22:29:37,-9.6608,20.3916,58.37,49,14,5.14
184,Tabory,RU,2022-06-27 22:29:39,58.5198,64.5495,45.37,96,100,5.21
185,Hambantota,LK,2022-06-27 22:22:57,6.1241,81.1185,79.03,80,89,18.48
186,Khandbari,NP,2022-06-27 22:29:39,27.3747,87.2039,72.46,92,100,0.94
187,Nacogdoches,US,2022-06-27 22:29:40,31.6002,-94.6335,91.04,31,100,10.67
188,Hamilton,US,2022-06-27 22:23:25,39.1834,-84.5333,81.0,40,40,9.22
189,Kidal,ML,2022-06-27 22:26:11,18.4411,1.4078,96.19,22,58,3.31
190,Verkhnevilyuysk,RU,2022-06-27 22:29:41,63.4453,120.3167,52.72,75,100,3.76
191,Guarapari,BR,2022-06-27 22:28:12,-20.6667,-40.4975,67.89,68,8,2.62
192,Mount Gambier,AU,2022-06-27 22:25:57,-37.8333,140.7667,40.1,92,100,6.8
193,Saldanha,ZA,2022-06-27 22:24:31,-33.0117,17.9442,53.65,59,0,10.4
194,Waterloo,CA,2022-06-27 22:27:16,43.4668,-80.5164,66.47,52,75,14.97
195,Charters Towers,AU,2022-06-27 22:29:42,-20.1,146.2667,54.09,56,24,16.69
196,Koungou,YT,2022-06-27 22:29:43,-12.7336,45.2042,78.51,61,20,20.71
197,Dingle,PH,2022-06-27 22:21:29,10.9995,122.6711,77.27,89,94,5.32
198,Haines Junction,CA,2022-06-27 22:29:43,60.7522,-137.5108,80.55,26,97,3.44
199,Arles,FR,2022-06-27 22:25:51,43.6768,4.6303,74.26,53,85,16.11
200,Kushiro,JP,2022-06-27 22:29:44,42.975,144.3747,63.55,100,75,6.91
201,Hangu,CN,2022-06-27 22:29:45,39.2489,117.7892,75.24,69,72,7.29
202,Mahibadhoo,MV,2022-06-27 22:29:45,3.7833,72.9667,82.9,75,84,13.8
203,Luganville,VU,2022-06-27 22:29:46,-15.5333,167.1667,80.62,80,48,9.62
204,Raga,SS,2022-06-27 22:29:46,8.4596,25.678,71.02,86,68,3.29
205,Ponferrada,ES,2022-06-27 22:29:47,42.5466,-6.5962,60.22,72,4,3.0
206,Soubre,CI,2022-06-27 22:29:47,5.7856,-6.6083,72.88,99,93,3.8
207,Husavik,IS,2022-06-27 22:29:48,66.0449,-17.3389,45.46,99,100,6.67
208,Eirunepe,BR,2022-06-27 22:29:48,-6.6603,-69.8736,82.26,59,18,0.58
209,Aykino,RU,2022-06-27 22:29:48,62.2248,49.9922,41.63,77,58,9.19
210,Lebu,CL,2022-06-27 22:20:07,-37.6167,-73.65,52.2,93,94,7.43
211,Kushmurun,KZ,2022-06-27 22:29:49,52.4503,64.6311,53.33,75,7,8.5
212,Lubao,PH,2022-06-27 22:29:50,14.9167,120.55,78.51,88,80,1.28
213,Sakaide,JP,2022-06-27 22:29:50,34.3167,133.85,82.98,77,75,4.61
214,Batagay,RU,2022-06-27 22:29:50,67.6333,134.6333,40.59,89,100,2.37
215,Aden,YE,2022-06-27 22:28:24,12.7794,45.0367,86.52,77,57,14.58
216,Alyangula,AU,2022-06-27 22:29:51,-13.8483,136.4192,75.24,69,99,18.97
217,Zavallya,UA,2022-06-27 22:29:52,48.2135,30.0156,67.55,61,94,7.38
218,Two Hills,CA,2022-06-27 22:29:52,53.7169,-111.7518,64.63,67,99,5.75
219,Rawson,AR,2022-06-27 22:20:57,-43.3002,-65.1023,49.51,50,100,13.29
220,Plettenberg Bay,ZA,2022-06-27 22:29:53,-34.0527,23.3716,59.04,53,2,5.1
221,Kitimat,CA,2022-06-27 22:29:54,54.0524,-128.6534,88.18,45,86,1.95
222,Caravelas,BR,2022-06-27 22:29:54,-17.7125,-39.2481,68.52,73,28,9.46
223,Jalu,LY,2022-06-27 22:29:55,29.0331,21.5482,88.75,20,0,15.28
224,Lagoa,PT,2022-06-27 22:29:55,39.05,-27.9833,65.23,81,5,9.66
225,Rocha,UY,2022-06-27 22:29:56,-34.4833,-54.3333,49.33,93,100,2.01
226,Mount Isa,AU,2022-06-27 22:29:56,-20.7333,139.5,58.77,41,85,10.36
227,Mogadishu,SO,2022-06-27 22:27:46,2.0371,45.3438,77.5,79,99,20.87
228,Warrenton,ZA,2022-06-27 22:29:52,-28.114,24.8475,49.77,40,0,9.73
229,Gbarnga,LR,2022-06-27 22:29:57,6.9956,-9.4722,72.3,99,50,3.87
230,Port Lincoln,AU,2022-06-27 22:21:13,-34.7333,135.8667,49.62,67,59,10.98
231,Nicoya,CR,2022-06-27 22:29:59,10.1483,-85.452,73.49,93,100,2.62
232,Morant Bay,JM,2022-06-27 22:30:00,17.8815,-76.4093,85.62,66,66,9.64
233,Palmerston,AU,2022-06-27 22:29:51,-12.486,130.9833,75.18,44,0,11.5
234,Berdigestyakh,RU,2022-06-27 22:30:00,62.0989,126.6992,62.33,91,73,8.61
235,Adrar,MR,2022-06-27 22:30:01,20.5022,-10.0711,91.15,15,0,11.83
236,Broome,US,2022-06-27 22:30:02,42.2506,-75.833,76.01,55,20,12.66
237,Oyotun,PE,2022-06-27 22:30:04,-6.8519,-79.3036,73.65,64,8,5.19
238,Robe,AU,2022-06-27 22:30:04,-37.1833,139.75,50.88,74,82,17.2
239,Bahia Blanca,AR,2022-06-27 22:30:05,-38.7196,-62.2724,50.32,50,0,11.39
240,Shingu,JP,2022-06-27 22:21:19,33.7333,135.9833,79.09,79,17,5.44
241,Nantucket,US,2022-06-27 22:27:49,41.2835,-70.0995,73.51,83,75,13.8
242,Bidor,MY,2022-06-27 22:30:08,4.1139,101.2884,73.63,94,85,2.42
243,Xam Nua,LA,2022-06-27 22:30:09,20.4197,104.0439,67.46,93,100,2.89
244,Bawku,GH,2022-06-27 22:30:10,11.0616,-0.2417,83.66,54,58,6.73
245,Burdur,TR,2022-06-27 22:30:11,37.7203,30.2908,63.3,59,20,16.11
246,Vieux-Habitants,GP,2022-06-27 22:30:12,16.0589,-61.7659,83.77,75,98,12.33
247,Mushie,CD,2022-06-27 22:30:13,-3.0167,16.9,76.33,45,61,2.06
248,Longyearbyen,SJ,2022-06-27 22:24:34,78.2186,15.6401,42.64,81,40,12.66
249,Pamanukan,ID,2022-06-27 22:30:14,-6.2842,107.8106,74.12,90,91,4.14
250,Irun,ES,2022-06-27 22:30:15,43.339,-1.7894,63.25,86,100,2.3
251,Sisimiut,GL,2022-06-27 22:30:15,66.9395,-53.6735,43.23,81,37,5.84
252,Ostrovnoy,RU,2022-06-27 22:30:16,68.0531,39.5131,41.65,75,100,5.97
253,Bathsheba,BB,2022-06-27 22:25:58,13.2167,-59.5167,83.01,78,75,24.16
254,Puerto Baquerizo Moreno,EC,2022-06-27 22:30:17,-0.9,-89.6,72.59,78,40,11.5
255,Kangaatsiaq,GL,2022-06-27 22:30:18,68.3065,-53.4641,36.52,94,70,6.04
256,Roald,NO,2022-06-27 22:24:42,62.5833,6.1333,60.75,94,100,4.61
257,Gornopravdinsk,RU,2022-06-27 22:30:19,60.05,69.9,45.52,97,100,6.49
258,Festus,US,2022-06-27 22:30:19,38.2206,-90.396,82.58,41,6,8.28
259,Humaita,BR,2022-06-27 22:30:20,-7.5061,-63.0208,79.11,54,4,0.89
260,Sokoto,NG,2022-06-27 22:30:21,13.0609,5.239,83.95,54,93,15.35
261,Antofagasta,CL,2022-06-27 22:30:21,-23.65,-70.4,60.08,76,100,6.82
262,Namibe,AO,2022-06-27 22:22:40,-15.1961,12.1522,67.3,63,1,1.7
263,College,US,2022-06-27 22:30:22,64.8569,-147.8028,79.0,43,75,3.44
264,Coyaima,CO,2022-06-27 22:30:23,3.7994,-75.1947,80.56,63,11,4.5
265,Cabedelo,BR,2022-06-27 22:30:24,-6.9811,-34.8339,74.07,87,33,17.0
266,Ucluelet,CA,2022-06-27 22:30:07,48.9329,-125.5528,61.09,84,100,1.01
267,Paamiut,GL,2022-06-27 22:26:00,61.994,-49.6678,40.32,83,40,5.61
268,Necochea,AR,2022-06-27 22:30:07,-38.5473,-58.7368,48.65,68,0,9.98
269,Tanout,NE,2022-06-27 22:30:25,14.9709,8.8879,91.92,22,20,5.57
270,Hervey Bay,AU,2022-06-27 22:30:26,-25.2986,152.8535,61.74,70,31,20.38
271,Juba,SS,2022-06-27 22:30:26,4.8517,31.5825,72.54,67,100,5.75
272,Beringovskiy,RU,2022-06-27 22:27:22,63.05,179.3167,50.95,74,100,8.01
273,Chake Chake,TZ,2022-06-27 22:30:27,-5.2459,39.7666,76.33,70,64,16.46
274,Isangel,VU,2022-06-27 22:17:11,-19.55,169.2667,78.37,70,2,8.41
275,Biak,ID,2022-06-27 22:30:30,-0.9131,122.8766,75.7,88,99,6.49
276,Tsiroanomandidy,MG,2022-06-27 22:27:04,-18.7667,46.0333,57.79,72,0,4.83
277,Torgelow,DE,2022-06-27 22:30:30,53.6333,14.0167,74.5,96,78,10.33
278,Sao Felix Do Xingu,BR,2022-06-27 22:30:31,-6.6447,-51.995,74.44,51,16,0.78
279,Riyadh,SA,2022-06-27 22:29:22,24.6877,46.7219,84.34,13,8,9.73
280,Dudinka,RU,2022-06-27 22:30:32,69.4058,86.1778,56.1,47,70,14.09
281,Uyuni,BO,2022-06-27 22:30:32,-20.4597,-66.825,43.74,41,25,12.12
282,Banepa,NP,2022-06-27 22:30:33,27.6298,85.5214,70.12,94,75,3.44
283,Thiruvananthapuram,IN,2022-06-27 22:30:34,8.4833,76.9167,80.58,83,75,2.3
284,Sumkino,RU,2022-06-27 22:30:34,58.1108,68.3244,46.8,97,99,2.71
285,Half Moon Bay,US,2022-06-27 22:30:34,37.4636,-122.4286,92.53,66,20,26.46
286,Torbay,CA,2022-06-27 22:30:07,47.6666,-52.7314,72.37,83,75,13.8
287,Kilindoni,TZ,2022-06-27 22:30:35,-7.9139,39.6668,76.75,73,58,20.2
288,Shadrinsk,RU,2022-06-27 22:30:36,56.0852,63.6335,55.62,96,100,11.43
289,Padang,ID,2022-06-27 22:24:33,-0.9492,100.3543,73.45,87,100,1.88
290,Bethel,US,2022-06-27 22:24:41,41.3712,-73.414,76.15,85,40,4.61
291,Presidente Medici,BR,2022-06-27 22:30:36,-11.1753,-61.9014,74.8,54,0,3.18
292,Sao Filipe,CV,2022-06-27 22:30:37,14.8961,-24.4956,74.8,80,41,4.63
293,Hualmay,PE,2022-06-27 22:21:26,-11.0964,-77.6139,64.74,79,69,13.27
294,Coahuayana,MX,2022-06-27 22:30:38,18.7333,-103.6833,85.05,70,97,6.8
295,Acapulco,MX,2022-06-27 22:30:38,16.8634,-99.8901,85.82,74,40,8.05
296,Capreol,CA,2022-06-27 22:30:39,46.706,-80.9225,61.27,63,75,10.36
297,Wilmington,US,2022-06-27 22:30:08,34.2257,-77.9447,85.91,71,40,1.99
298,Kavieng,PG,2022-06-27 22:27:24,-2.5744,150.7967,83.57,71,100,14.05
299,Maarianhamina,AX,2022-06-27 22:30:40,60.0973,19.9348,64.26,100,0,1.14
300,Karratha,AU,2022-06-27 22:30:40,-20.7377,116.8463,61.83,43,0,15.01
301,El Fuerte,MX,2022-06-27 22:30:41,26.4189,-108.6194,97.32,36,31,14.32
302,Sainte-Anne-Des-Monts,CA,2022-06-27 22:30:41,49.124,-66.4924,60.67,94,100,19.57
303,Nefteyugansk,RU,2022-06-27 22:30:42,61.0998,72.6035,48.07,77,100,14.61
304,Sterling,US,2022-06-27 22:30:42,39.0062,-77.4286,84.13,64,40,8.05
305,Rio Verde De Mato Grosso,BR,2022-06-27 22:30:42,-18.9181,-54.8442,71.89,43,6,3.04
306,Guadalupe Y Calvo,MX,2022-06-27 22:30:43,26.1,-106.9667,64.98,66,99,2.28
307,Monrovia,LR,2022-06-27 22:30:43,6.3005,-10.7969,78.57,86,78,9.19
308,Dombarovskiy,RU,2022-06-27 22:30:44,50.7587,59.5386,56.5,74,0,7.27
309,Cabo San Lucas,MX,2022-06-27 22:23:33,22.8909,-109.9124,92.5,69,0,11.5
310,Sadri,IN,2022-06-27 22:30:45,25.1833,73.4333,84.81,67,91,8.23
311,Cotonou,BJ,2022-06-27 22:30:45,6.3654,2.4183,80.58,89,40,5.75
312,Luderitz,NA,2022-06-27 22:21:22,-26.6481,15.1594,72.82,32,0,24.76
313,Touros,BR,2022-06-27 22:30:46,-5.1989,-35.4608,76.53,84,11,15.14
314,Palmer,US,2022-06-27 22:28:39,42.1584,-72.3287,75.81,75,100,1.01
315,Skibbereen,IE,2022-06-27 22:30:47,51.55,-9.2667,56.1,97,100,25.37
316,Iskateley,RU,2022-06-27 22:30:47,67.6803,53.1512,37.62,80,100,18.86
317,Rio Grande,BR,2022-06-27 22:30:48,-32.035,-52.0986,55.51,93,100,3.53
318,Chadiza,ZM,2022-06-27 22:30:49,-14.0678,32.4392,54.41,91,100,9.69
319,Nome,US,2022-06-27 22:27:23,64.5011,-165.4064,48.16,100,100,5.75
320,Kasempa,ZM,2022-06-27 22:30:50,-13.4584,25.8338,53.47,70,6,8.61
321,Moron,AR,2022-06-27 22:30:50,-34.6534,-58.6198,51.96,79,100,4.21
322,Suntar,RU,2022-06-27 22:30:51,62.1444,117.6319,58.8,84,100,4.03
323,Balakhta,RU,2022-06-27 22:30:51,55.38,91.6,64.42,91,100,11.05
324,Esperance,AU,2022-06-27 22:30:52,-33.8667,121.9,53.44,66,92,17.92
325,Aleksandrov Gay,RU,2022-06-27 22:30:52,50.147,48.5704,64.22,53,0,4.52
326,Kysyl-Syr,RU,2022-06-27 22:30:53,63.8986,122.7617,53.46,74,100,5.41
327,Maceio,BR,2022-06-27 22:22:41,-9.6658,-35.7353,74.64,78,20,4.61
328,Bar Harbor,US,2022-06-27 22:27:52,44.3876,-68.2039,65.46,92,100,13.8
329,Bria,CF,2022-06-27 22:30:54,6.5423,21.9863,67.84,92,100,2.21
330,Winnipeg,CA,2022-06-27 22:26:39,49.8844,-97.147,73.98,52,75,10.36
331,Forte Dei Marmi,IT,2022-06-27 22:30:54,43.9648,10.1724,79.09,80,8,2.77
332,Mao,ES,2022-06-27 22:30:55,39.8885,4.2658,72.16,83,20,11.5
333,Arlit,NE,2022-06-27 22:30:55,18.7369,7.3853,94.41,18,52,4.12
334,Lac Du Bonnet,CA,2022-06-27 22:30:56,50.2536,-96.0612,67.48,78,62,11.5
335,Salamiyah,SY,2022-06-27 22:30:56,35.0113,37.0532,69.69,59,0,4.59
336,Arman,RU,2022-06-27 22:30:57,59.7,150.1667,53.6,80,34,6.26
337,Hluti,SZ,2022-06-27 22:30:57,-27.2167,31.6167,56.05,79,87,2.64
338,Adjumani,UG,2022-06-27 22:30:58,3.3779,31.7909,66.69,77,99,2.17
339,Abuyog,PH,2022-06-27 22:30:59,10.6667,125.05,75.78,94,100,2.3
340,Sitka,US,2022-06-27 22:30:59,57.0531,-135.33,66.09,59,20,12.66
341,Agirish,RU,2022-06-27 22:31:00,61.9247,63.0231,40.62,94,98,8.72
342,Kuito,AO,2022-06-27 22:31:00,-12.3833,16.9333,49.55,54,0,3.85
343,Conde,BR,2022-06-27 22:31:00,-7.2597,-34.9075,72.86,94,100,16.11
344,Madang,PG,2022-06-27 22:26:55,-5.2246,145.7966,77.92,88,96,1.66
345,Msanga,TZ,2022-06-27 22:31:01,-6.05,36.0333,60.3,67,56,5.48
346,Nenjiang,CN,2022-06-27 22:31:03,49.1833,125.2167,69.93,86,28,4.5
347,Kampene,CD,2022-06-27 22:31:03,-3.6,26.6667,72.54,54,85,2.1
348,Ambilobe,MG,2022-06-27 22:31:04,-13.2,49.05,62.1,77,16,5.28
349,Prince Rupert,CA,2022-06-27 22:29:51,54.3161,-130.3201,58.69,94,100,14.97
350,Ibra,OM,2022-06-27 22:31:05,22.6906,58.5334,82.24,68,89,2.55
351,Slonim,BY,2022-06-27 22:31:06,53.0867,25.3219,67.93,75,95,4.81
352,Stornoway,GB,2022-06-27 22:31:06,58.2093,-6.3865,55.36,75,95,12.66
353,General Pico,AR,2022-06-27 22:31:07,-35.6566,-63.7568,52.07,58,88,4.32
354,Awjilah,LY,2022-06-27 22:31:08,29.1081,21.2869,86.23,23,0,13.09
355,Upington,ZA,2022-06-27 22:30:38,-28.4478,21.2561,50.38,57,0,5.75
356,Ngerengere,TZ,2022-06-27 22:31:09,-6.75,38.1167,67.17,80,59,3.58
357,Kruisfontein,ZA,2022-06-27 22:31:09,-34.0033,24.7314,54.63,45,5,6.64
358,Nhamunda,BR,2022-06-27 22:31:10,-2.1861,-56.7131,79.95,74,99,1.63
359,Alice Springs,AU,2022-06-27 22:26:36,-23.7,133.8833,49.55,62,99,8.05
360,Flinders,AU,2022-06-27 22:31:11,-34.5833,150.8552,51.19,69,89,1.99
361,Namatanai,PG,2022-06-27 22:31:12,-3.6667,152.4333,83.86,64,89,8.9
362,Kiama,AU,2022-06-27 22:31:12,-34.6833,150.8667,53.01,68,92,5.01
363,Saint-Paul,RE,2022-06-27 22:31:13,-21.0096,55.2707,69.37,70,4,12.84
364,Vestmanna,FO,2022-06-27 22:31:14,62.1564,-7.1664,47.32,81,75,11.5
365,Vila Franca Do Campo,PT,2022-06-27 22:31:16,37.7167,-25.4333,67.19,85,50,3.62
366,Vila,PT,2022-06-27 22:31:16,42.0304,-8.1588,51.69,78,3,3.94
367,Ahipara,NZ,2022-06-27 22:31:17,-35.1667,173.1667,58.46,87,100,10.54
368,Peking,CN,2022-06-27 22:28:45,39.9075,116.3972,71.49,71,100,1.23
369,Igarka,RU,2022-06-27 22:31:18,67.4667,86.5833,54.36,62,100,14.65
370,Prachuap Khiri Khan,TH,2022-06-27 22:31:19,12.2167,99.75,80.58,94,79,2.75
371,Kayiry,UA,2022-06-27 22:31:19,46.9454,33.7059,73.74,66,83,13.27
372,Nabire,ID,2022-06-27 22:27:14,-3.3667,135.4833,75.74,91,100,1.43
373,La Ronge,CA,2022-06-27 22:31:21,55.1001,-105.2842,61.05,44,75,11.5
374,Saryg-Sep,RU,2022-06-27 22:31:21,51.5,95.6,64.33,57,24,1.86
375,San Patricio,US,2022-06-27 22:25:51,28.017,-97.5169,98.55,36,75,16.4
376,Nokaneng,BW,2022-06-27 22:31:22,-19.6667,22.2667,57.92,56,72,12.5
377,Butler,US,2022-06-27 22:31:22,39.4501,-84.5666,80.02,36,0,11.5
378,Adre,TD,2022-06-27 22:31:23,13.4667,22.2,83.91,42,98,7.14
379,Panjab,AF,2022-06-27 22:31:23,34.388,67.0233,60.13,34,0,5.1
380,Javanrud,IR,2022-06-27 22:31:24,34.7961,46.5172,64.08,41,0,6.49
381,Talnakh,RU,2022-06-27 22:31:25,69.4865,88.3972,61.23,48,21,0.89
382,Ust-Maya,RU,2022-06-27 22:31:25,60.4167,134.5333,67.93,81,92,6.71
383,Santa Fe,AR,2022-06-27 22:31:26,-31.6333,-60.7,55.0,80,100,1.99
384,Fort Nelson,CA,2022-06-27 22:29:48,58.8053,-122.7002,72.99,38,40,2.3
385,Tessalit,ML,2022-06-27 22:31:26,20.1986,1.0114,95.05,24,45,5.17
386,Marystown,CA,2022-06-27 22:31:27,47.1666,-55.1483,59.13,96,94,7.78
387,Dubrovnik,HR,2022-06-27 22:31:28,42.6481,18.0922,78.44,73,0,1.14
388,Pulandian,CN,2022-06-27 22:31:28,39.3953,121.9669,72.63,84,99,9.08
389,Kudat,MY,2022-06-27 22:31:29,6.8837,116.8477,77.29,94,20,0.0
390,Maroantsetra,MG,2022-06-27 22:31:29,-15.4333,49.7333,68.72,80,47,7.4
391,Melong,CM,2022-06-27 22:31:30,5.1218,9.9614,66.42,99,100,2.24
392,Linares,CL,2022-06-27 22:31:30,-35.85,-71.6,50.83,84,28,8.97
393,Mokhsogollokh,RU,2022-06-27 22:31:31,61.4681,128.9203,69.53,66,56,9.69
394,Moranbah,AU,2022-06-27 22:31:31,-22.0016,148.0466,54.54,49,62,21.68
395,Argir,FO,2022-06-27 22:31:32,61.9959,-6.7715,49.17,92,66,11.9
396,Herouville-Saint-Clair,FR,2022-06-27 22:31:33,49.2109,-0.3065,58.19,82,0,4.61
397,Gidole,ET,2022-06-27 22:31:33,5.65,37.3667,53.71,66,82,2.21
398,Cayenne,GF,2022-06-27 22:23:57,4.9333,-52.3333,80.64,1,75,3.44
399,Ilebo,CD,2022-06-27 22:31:34,-4.3167,20.5833,73.24,45,43,1.3
400,Masvingo,ZW,2022-06-27 22:31:34,-20.0637,30.8277,49.24,90,88,9.44
401,Mardin,TR,2022-06-27 22:31:35,37.3131,40.7436,69.12,27,0,2.77
402,Henties Bay,NA,2022-06-27 22:27:10,-22.116,14.2845,75.33,32,0,17.18
403,Ukiah,US,2022-06-27 22:31:00,39.1502,-123.2078,100.44,15,0,6.91
404,Boende,CD,2022-06-27 22:31:36,-0.2167,20.8667,72.39,87,73,2.62
405,Burnie,AU,2022-06-27 22:31:36,-41.0667,145.9167,50.92,91,100,9.42
406,Lavrentiya,RU,2022-06-27 22:31:37,65.5833,-171.0,44.42,93,100,12.57
407,Okha,RU,2022-06-27 22:31:37,53.5739,142.9478,53.19,82,17,9.55
408,Insar,RU,2022-06-27 22:31:38,53.8653,44.3738,63.12,93,28,4.56
409,Smoljan,ME,2022-06-27 22:31:38,43.0924,19.2286,58.42,74,0,1.12
410,Calabozo,VE,2022-06-27 22:31:39,8.9242,-67.4293,76.1,86,95,3.8
411,Tabas,IR,2022-06-27 22:31:40,33.5959,56.9244,100.62,9,0,13.8
412,Dunedin,NZ,2022-06-27 22:30:33,-45.8742,170.5036,48.79,81,62,3.98
413,Gat,IL,2022-06-27 22:21:30,31.61,34.7642,75.88,75,0,2.08
414,Daru,PG,2022-06-27 22:31:41,-9.0763,143.2092,78.87,90,100,13.98
415,San Quintin,MX,2022-06-27 22:31:41,30.4833,-115.95,77.49,57,1,7.27
416,Marsh Harbour,BS,2022-06-27 22:31:42,26.5412,-77.0636,82.81,68,4,10.47
417,Coihaique,CL,2022-06-27 22:31:42,-45.5752,-72.0662,43.41,75,100,6.91
418,Ferry Pass,US,2022-06-27 22:31:43,30.5102,-87.2125,91.06,77,100,9.22
419,Port Hedland,AU,2022-06-27 22:31:43,-20.3167,118.5667,55.45,58,0,10.36
420,Hurghada,EG,2022-06-27 22:30:23,27.2574,33.8129,84.04,46,0,26.89
421,Vostok,RU,2022-06-27 22:26:02,46.4856,135.8833,60.44,75,100,3.18
422,Praia Da Vitoria,PT,2022-06-27 22:31:44,38.7333,-27.0667,68.25,83,75,6.82
423,Port Blair,IN,2022-06-27 22:31:45,11.6667,92.75,78.84,89,40,2.3
424,Taltal,CL,2022-06-27 22:31:45,-25.4,-70.4833,61.05,66,100,3.58
425,Sola,VU,2022-06-27 22:31:46,-13.8833,167.55,80.73,79,33,19.84
426,Yaan,NG,2022-06-27 22:31:47,7.3833,8.5667,72.54,96,89,3.98
427,Meadow Lake,US,2022-06-27 22:31:47,34.8014,-106.5436,69.4,71,100,1.7
428,Severodvinsk,RU,2022-06-27 22:31:48,64.5635,39.8302,42.91,82,4,8.66
429,Nhulunbuy,AU,2022-06-27 22:31:48,-12.2333,136.7667,79.41,73,100,13.8
430,Shelburne,CA,2022-06-27 22:25:23,44.0787,-80.2041,60.12,68,98,15.28
431,Rochester,US,2022-06-27 22:31:49,43.1548,-77.6156,68.4,58,75,9.22
432,Camacha,PT,2022-06-27 22:31:49,33.0833,-16.3333,63.82,63,20,11.5
433,Guadalupe Victoria,MX,2022-06-27 22:31:50,32.2869,-115.105,108.95,22,3,8.08
434,Margate,GB,2022-06-27 22:29:36,51.3813,1.3862,54.9,79,75,3.0
435,Velika Gorica,HR,2022-06-27 22:31:50,45.7125,16.0756,76.96,73,0,1.14
436,Moerai,PF,2022-06-27 22:31:51,-22.4333,-151.3333,73.85,73,100,24.38
437,Kambove,CD,2022-06-27 22:31:51,-10.8764,26.5969,53.26,67,4,8.86
438,Clyde River,CA,2022-06-27 22:31:52,70.4692,-68.5914,35.83,93,100,6.91
439,Mlowo,TZ,2022-06-27 22:31:52,-9.0,32.9833,48.07,94,8,5.41
440,Queimadas,BR,2022-06-27 22:31:53,-10.9783,-39.6264,67.93,88,82,10.27
441,Blagnac,FR,2022-06-27 22:28:17,43.6328,1.394,62.74,82,0,6.91
442,Yingcheng,CN,2022-06-27 22:31:53,30.95,113.55,77.68,92,72,8.86
443,Yola,NG,2022-06-27 22:31:54,9.2,12.4833,75.85,79,83,3.13
444,Kalmunai,LK,2022-06-27 22:28:12,7.4167,81.8167,79.36,76,97,4.56
445,Preston,GB,2022-06-27 22:31:54,53.7667,-2.7167,58.68,70,76,7.96
446,Norman Wells,CA,2022-06-27 22:27:10,65.282,-126.8329,77.04,23,40,6.91
447,Buy,RU,2022-06-27 22:31:55,58.4786,41.53,49.57,78,10,6.13
448,Tete,MZ,2022-06-27 22:31:56,-16.1564,33.5867,64.49,88,75,4.61
449,Constitucion,CL,2022-06-27 22:25:56,-35.3333,-72.4167,53.74,81,13,7.81
450,Kokkola,FI,2022-06-27 22:31:57,63.8385,23.1307,65.03,95,0,2.3
451,Dicabisagan,PH,2022-06-27 22:23:16,17.0818,122.4157,78.21,88,100,3.49
452,Chitral,PK,2022-06-27 22:31:57,35.8462,71.7858,76.98,43,0,3.83
453,Vorotynets,RU,2022-06-27 22:31:58,56.0603,45.8633,51.82,84,3,7.85
454,Seoul,KR,2022-06-27 22:30:38,37.5683,126.9778,82.0,76,100,24.16
455,Methoni,GR,2022-06-27 22:27:05,36.8197,21.7049,77.22,81,0,4.29
456,Luangwa,ZM,2022-06-27 22:31:59,-15.6167,30.4167,65.37,66,57,9.75
457,Kiruna,SE,2022-06-27 22:31:59,67.8557,20.2251,65.32,77,100,2.3
458,Tadine,NC,2022-06-27 22:32:00,-21.55,167.8833,76.75,75,43,8.95
459,Hoquiam,US,2022-06-27 22:32:01,46.9809,-123.8893,76.35,75,0,16.11
460,Areka,ET,2022-06-27 22:32:02,7.0667,37.7,59.27,86,100,2.68
461,Nuristan,AF,2022-06-27 22:32:03,35.3,70.8333,48.67,52,0,9.6
462,Bubaque,GW,2022-06-27 22:32:04,11.2833,-15.8333,81.72,82,51,7.02
463,Yatou,CN,2022-06-27 22:32:05,37.15,122.3833,73.15,98,100,13.02
464,Freeport,US,2022-06-27 22:28:28,40.6576,-73.5832,75.49,85,75,7.0
465,Kpandae,GH,2022-06-27 22:32:06,8.4689,-0.0113,75.94,85,80,5.1
466,Kuching,MY,2022-06-27 22:32:06,1.55,110.3333,77.22,94,40,0.0
467,Lawigan,PH,2022-06-27 22:32:07,10.487,122.0354,77.56,89,99,6.35
468,Upernavik,GL,2022-06-27 22:22:41,72.7868,-56.1549,38.5,85,6,6.93
469,Farap,TM,2022-06-27 22:32:08,39.1704,63.6116,87.8,22,0,6.91
470,Saint-Francois,FR,2022-06-27 22:32:09,46.4154,3.9054,56.64,94,0,2.3
471,Saint-Augustin,CA,2022-06-27 22:23:13,51.226,-58.6502,61.57,83,82,20.18
472,Burgeo,CA,2022-06-27 22:32:09,47.6167,-57.6152,55.29,98,78,8.37
473,Cervo,ES,2022-06-27 22:32:10,43.6702,-7.4101,54.97,80,40,2.8
474,Saint-Louis,SN,2022-06-27 22:32:11,16.3333,-15.0,91.38,31,49,17.02
475,Puerto Escondido,MX,2022-06-27 22:32:12,15.85,-97.0667,86.83,70,20,5.75
476,Sibolga,ID,2022-06-27 22:32:12,1.7427,98.7792,75.15,90,100,3.0
477,Trinidad,BO,2022-06-27 22:32:13,-14.8333,-64.9,82.38,61,2,3.44
478,Chiredzi,ZW,2022-06-27 22:32:13,-21.05,31.6667,59.29,71,80,8.52
479,Karangasem,ID,2022-06-27 22:32:14,-8.45,115.6167,75.13,81,71,10.65
480,Trairi,BR,2022-06-27 22:31:22,-3.2778,-39.2689,77.97,82,31,7.29
481,Verkhniye Kigi,RU,2022-06-27 22:32:15,55.4083,58.6044,43.79,95,100,14.05
482,Lar,IN,2022-06-27 22:32:15,26.2039,83.9717,88.84,60,100,5.5
483,Opuwo,NA,2022-06-27 22:32:16,-18.0607,13.84,56.08,41,0,8.41
484,Samarai,PG,2022-06-27 22:23:24,-10.6167,150.6667,80.98,83,100,12.06
485,Novo Aripuana,BR,2022-06-27 22:32:17,-5.1206,-60.3797,80.85,59,62,2.15
486,San Rafael,AR,2022-06-27 22:32:18,-34.6177,-68.3301,49.75,42,68,1.36
487,Tiruchchendur,IN,2022-06-27 22:32:19,8.4833,78.1167,82.09,66,83,8.77
488,Kahului,US,2022-06-27 22:30:16,20.8947,-156.47,84.22,65,40,21.85
489,Chakradharpur,IN,2022-06-27 22:32:20,22.7,85.6333,79.93,81,100,2.37
490,Muros,ES,2022-06-27 22:32:20,42.7762,-9.0603,57.09,80,4,7.61
491,Ullapool,GB,2022-06-27 22:32:21,57.8987,-5.1604,55.35,90,88,6.15
492,Tazovskiy,RU,2022-06-27 22:32:18,67.4667,78.7,50.61,77,100,18.03
493,Constantine,DZ,2022-06-27 22:29:14,36.365,6.6147,74.61,78,75,3.44
494,Kautokeino,NO,2022-06-27 22:32:22,69.0125,23.0412,63.05,94,96,9.26
495,Indiaroba,BR,2022-06-27 22:32:22,-11.5192,-37.5117,71.42,92,81,10.89
496,Enshi,CN,2022-06-27 22:32:23,30.3,109.4833,73.11,96,61,1.07
497,Kedrovyy,RU,2022-06-27 22:32:23,56.1667,91.8167,66.87,81,99,14.76
498,Estelle,US,2022-06-27 22:32:24,29.8458,-90.1067,88.0,62,75,6.91
499,Vardo,NO,2022-06-27 22:25:55,70.3705,31.1107,46.38,93,20,14.97
500,Kirakira,SB,2022-06-27 22:32:24,-10.4544,161.9205,77.54,92,94,9.78
501,Tolaga Bay,NZ,2022-06-27 22:32:25,-38.3667,178.3,54.82,63,100,0.76
502,Clearwater,US,2022-06-27 22:31:27,27.9659,-82.8001,89.53,69,0,8.05
503,Mutsu,JP,2022-06-27 22:32:26,41.2894,141.2169,65.66,98,100,4.07
504,Boddam,GB,2022-06-27 22:32:26,57.4667,-1.7833,55.78,76,38,17.29
505,Grand Gaube,MU,2022-06-27 22:32:28,-20.0064,57.6608,70.2,78,45,22.32
506,Krasnoselkup,RU,2022-06-27 22:27:09,65.7,82.4667,57.25,92,100,17.65
507,San Policarpo,PH,2022-06-27 22:24:36,12.1791,125.5072,77.36,94,100,10.02
508,Tura,IN,2022-06-27 22:32:28,25.5198,90.2201,73.47,99,100,4.63
509,Touba,CI,2022-06-27 22:32:29,8.2833,-7.6833,76.35,75,99,4.43
510,Saint-Jean-Port-Joli,CA,2022-06-27 22:30:29,47.2171,-70.2658,78.8,69,26,22.57
511,La Macarena,CO,2022-06-27 22:32:30,2.1837,-73.7849,74.61,82,9,2.39
512,Hohhot,CN,2022-06-27 22:32:31,40.8106,111.6522,62.89,94,0,2.24
513,Carire,BR,2022-06-27 22:32:32,-3.9506,-40.4733,80.28,58,99,2.39
514,Miramar,US,2022-06-27 22:32:32,25.9873,-80.2323,89.62,67,75,14.97
515,Biltine,TD,2022-06-27 22:32:33,14.5333,20.9167,90.23,32,91,13.6
516,Mirnyy,RU,2022-06-27 22:32:34,62.5353,113.9611,59.22,74,72,8.43
517,Labuhan,ID,2022-06-27 22:32:34,-6.8844,112.2051,74.1,83,29,11.65
518,Japura,ID,2022-06-27 22:32:35,-0.3167,102.35,73.51,99,98,2.1
519,Klaksvik,FO,2022-06-27 22:32:35,62.2266,-6.589,49.12,92,43,14.94
520,Dzierzoniow,PL,2022-06-27 22:32:36,50.7282,16.6514,73.35,93,56,5.88
521,Thinadhoo,MV,2022-06-27 22:32:36,0.5333,72.9333,83.32,73,98,10.31
522,Yushu,CN,2022-06-27 22:32:37,44.8,126.5333,66.34,94,100,12.59
523,Beipiao,CN,2022-06-27 22:32:37,41.7919,120.7792,69.87,79,90,18.59
524,Pingliang,CN,2022-06-27 22:32:38,35.5392,106.6861,65.61,48,12,6.6
525,Belgrade,RS,2022-06-27 22:32:38,44.804,20.4651,74.86,70,0,4.61
526,Luena,AO,2022-06-27 22:32:39,-11.7833,19.9167,52.03,55,4,4.9
527,Birjand,IR,2022-06-27 22:32:39,32.8663,59.2211,75.67,11,0,4.61
528,Zhanaozen,KZ,2022-06-27 22:32:39,43.3,52.8,85.66,30,0,22.59
529,Kavaratti,IN,2022-06-27 22:32:40,10.5669,72.642,82.27,76,95,19.53
530,Cienfuegos,CU,2022-06-27 22:32:41,22.1461,-80.4356,84.34,74,86,5.75
531,Makokou,GA,2022-06-27 22:32:41,0.5738,12.8642,68.79,97,100,0.51
532,Ust-Tsilma,RU,2022-06-27 22:32:42,65.441,52.1498,38.91,74,100,11.43
533,Bay-Khaak,RU,2022-06-27 22:32:42,51.1667,94.5,68.22,58,94,1.36
534,Dunmore Town,BS,2022-06-27 22:32:43,25.5,-76.65,81.81,74,100,13.35
535,Neryungri,RU,2022-06-27 22:32:43,56.6709,124.6491,64.69,79,97,0.47
536,Borba,BR,2022-06-27 22:32:44,-4.3878,-59.5939,79.34,66,60,1.16
537,Richards Bay,ZA,2022-06-27 22:32:45,-28.783,32.0377,58.41,84,5,4.32
538,Ussel,FR,2022-06-27 22:32:45,45.55,2.3167,51.58,94,33,4.47
539,Pitsunda,GE,2022-06-27 22:32:46,43.1592,40.3378,64.58,81,48,2.68
540,Palembang,ID,2022-06-27 22:32:46,-2.9167,104.7458,77.09,94,20,3.44
541,Zhanakorgan,KZ,2022-06-27 22:32:46,43.9098,67.2495,82.36,32,0,3.56
542,Yumen,CN,2022-06-27 22:32:47,40.2833,97.2,75.06,21,15,5.3
543,Pisa,IT,2022-06-27 22:32:48,43.7155,10.3966,79.38,86,0,3.44
544,Ugoofaaru,MV,2022-06-27 22:32:49,5.6667,73.0,82.58,76,14,13.53
545,Dubreka,GN,2022-06-27 22:32:49,9.7911,-13.5233,82.47,88,82,3.31
546,Severnoye,RU,2022-06-27 22:32:50,56.3491,78.3619,50.88,84,99,13.94
547,Bam,IR,2022-06-27 22:32:50,29.106,58.357,91.87,10,69,9.46
548,Zykovo,RU,2022-06-27 22:32:51,55.9519,93.1461,68.99,82,97,9.93
549,Marsa Matruh,EG,2022-06-27 22:32:51,31.3525,27.2453,76.12,74,0,11.59
550,Anadyr,RU,2022-06-27 22:32:52,64.75,177.4833,54.1,76,75,6.71
551,Taoudenni,ML,2022-06-27 22:24:40,22.6783,-3.9836,103.44,9,2,15.48
552,Deputatskiy,RU,2022-06-27 22:32:53,69.3,139.9,32.97,99,100,1.68
553,Alofi,NU,2022-06-27 22:25:59,-19.0595,-169.9187,82.29,78,23,10.36
554,Sept-Iles,CA,2022-06-27 22:24:00,50.2001,-66.3821,59.52,98,100,6.91
555,Banyo,CM,2022-06-27 22:32:54,6.75,11.8167,63.5,96,82,1.97
556,Fortuna,US,2022-06-27 22:32:55,40.5982,-124.1573,63.52,78,0,11.5
557,Bonga,ET,2022-06-27 22:32:55,7.2833,36.2333,58.73,98,100,1.3
558,Veraval,IN,2022-06-27 22:32:56,20.9,70.3667,82.94,78,99,12.88
559,Gualaquiza,EC,2022-06-27 22:32:56,-3.4,-78.55,67.59,74,30,1.79
560,Pangnirtung,CA,2022-06-27 22:27:59,66.1451,-65.7125,41.0,93,75,10.36
561,Antalaha,MG,2022-06-27 22:32:57,-14.9003,50.2788,66.79,81,62,8.9
562,Gerash,IR,2022-06-27 22:32:58,27.6652,54.1371,86.94,22,91,0.78
